"pathway","pval","padj","log2err","ES","NES","size","leadingEdge"
"KEGG_OXIDATIVE_PHOSPHORYLATION",6.97706107014625e-12,1.28377923690691e-09,0.887074988399873,-0.520149907286205,-2.46955368962568,118,"ATP6V0A1;ATP6V1B2;MT-ND1;ATP6V0B;NDUFV1;TCIRG1;COX17;NDUFA3;CYC1;MT-ND6;NDUFS8;MT-ND2;COX6B1;UQCRHL;NDUFA9;MT-ND5;NDUFB9;ATP6V1F;ATP6V0D1;NDUFS2;NDUFB7;ATP6AP1;MT-CO2;COX8A;ATP5F1D;SDHA;SDHB;NDUFS6;ATP5MC1;PPA1;NDUFA2;NDUFB6;ATP5PD;ATP6V1E1;NDUFV3;SDHCP5;NDUFB3;UQCRC1;ATP5F1E;ATP5MG;MT-ND4;NDUFC2;PPA2;COX7A1;MT-CYB;NDUFAB1;NDUFS7;UQCR10;ATP5MC2;ATP6V1A;COX6C;COX4I1;COX5B;COX5A;UQCR11;ATP5MF;MT-ND3;ATP5PF;ATP6V0E1;COX6A1;MT-CO3;ATP5MC3;MT-ND4L;ATP6V0E2;ATP5PO;NDUFB10;ATP6V1C1;ATP6V1G1;SDHD;ATP5ME;COX7C;COX7A2L;NDUFC1;NDUFS3;NDUFB8;MT-ATP6"
"KEGG_TERPENOID_BACKBONE_BIOSYNTHESIS",6.95616890176908e-07,4.23885972041514e-05,0.659444398037935,-0.846049160043407,-2.47104094082255,14,"MVD;HMGCS1;ACAT2;FDPS;IDI1;MVK;ACAT1;HMGCR;PMVK"
"KEGG_PROTEASOME",6.62197614335028e-07,4.23885972041514e-05,0.659444398037935,-0.608880884784213,-2.38080200570614,42,"PSMA3;PSMC5;PSMC3;PSMD13;PSMD4;PSME2;PSMA7;PSMB9;PSMD11;PSMB4;PSMD3;PSMA1;PSMB7;PSMB1;POMP;PSMB3;PSMB2;PSMD8;PSMF1;PSMB10;PSMA4;PSME3;PSMB6;PSMD2;PSMD12;PSMC2;PSMB8;PSME1;PSMA5;PSMB5;SEM1"
"KEGG_PARKINSONS_DISEASE",9.21491243568508e-07,4.23885972041514e-05,0.659444398037935,-0.419412673905148,-1.9990454533077,119,"LRRK2;MT-ND1;UBE2J2;NDUFV1;NDUFA3;UBE2L6;CYC1;MT-ND6;NDUFS8;MT-ND2;COX6B1;UQCRHL;NDUFA9;MT-ND5;NDUFB9;NDUFS2;NDUFB7;MT-CO2;COX8A;ATP5F1D;SDHA;SDHB;NDUFS6;ATP5MC1;NDUFA2;NDUFB6;ATP5PD;NDUFV3;SDHCP5;UBA1;NDUFB3;UQCRC1;ATP5F1E;UBA7;MT-ND4;SLC25A5;NDUFC2;COX7A1;MT-CYB;NDUFAB1;NDUFS7;UQCR10;ATP5MC2;COX6C;COX4I1;COX5B;COX5A;UQCR11;MT-ND3;ATP5PF;COX6A1;MT-CO3;ATP5MC3;MT-ND4L;ATP5PO;NDUFB10;SDHD;VDAC2P5;COX7C;COX7A2L;NDUFC1;UBE2L3;NDUFS3;NDUFB8;VDAC2;MT-ATP6;UQCRFS1;NDUFB1;PARK7;ATP5F1B;NDUFB2;MT-ATP8;COX4I2;NDUFA1;UQCRH;HTRA2;CYCS;APAF1;ATP5F1C"
"KEGG_ECM_RECEPTOR_INTERACTION",3.83355675325431e-06,0.000141074888519759,0.610526878385931,0.512908398694049,2.03124691229525,80,"ITGA2;TNN;COMP;TNC;ITGB8;FN1;COL4A6;COL6A3;ITGAV;COL3A1;SPP1;ITGB4;TNXB;ITGA9;ITGB3;COL1A2;THBS2;ITGA11;SDC2;COL1A1;ITGA7;THBS4;COL5A2;ITGA8;ITGB1;HMMR;RELN;SV2B;HSPG2;CHAD;IBSP;THBS3;THBS1;COL5A1;ITGB5;COL4A1"
"KEGG_RIBOSOME",9.14691124651421e-06,0.000280505278226436,0.593325476396405,-0.442692750940786,-2.01448270948034,85,"RPS26;RPSA;RPLP2;RPL35;RPS15;RPL36;RPL14;UBA52;RPL13;RPL27A;RPL37A;RPS19;RPS12;RPL18;RPS27;RPL9;RPS25;RPL41;RPS3;RPL36AL;RPS9;RPL11;RPS28;RPL18A;RPLP1;FAU;RPL8;RPS21;RPS11;RPL38;RPL23A;RPS7;RPS16;RPS24;RPL29;RPS4Y1;RPL26;RPS13;RPL28;RSL24D1;RPL37;RPL7A;RPS2;RPL10;RPL32;RPL13A;RPL19;MRPL13;RPL24"
"KEGG_ARRHYTHMOGENIC_RIGHT_VENTRICULAR_CARDIOMYOPATHY_ARVC",1.27268527016807e-05,0.000296155586254934,0.593325476396405,0.523847893442253,2.01059558569683,67,"ITGA2;CDH2;PKP2;CTNNB1;CACNA1C;CTNNA3;ITGB8;SGCD;LEF1;ITGAV;DMD;ITGB4;ATP2A2;ITGA9;ITGB3;ITGA11;ACTN1;LMNA;ITGA7;SLC8A1;DES;CACNB3;ITGA8;ITGB1;CACNB2;SGCB;CACNA2D1;DSP;RYR2;ITGB5"
"KEGG_SPLICEOSOME",1.2876329837171e-05,0.000296155586254934,0.593325476396405,-0.390436547461443,-1.87688367411362,122,"SART1;HSPA6;CCDC12;CTNNBL1;XAB2;SF3A2;ISY1;LSM6;PRPF6;RBM17;SNRPB;ALYREF;LSM4;SNRPF;U2AF2;SNU13;RBM22;PRPF3;SNRPC;DHX38;SF3B5;SF3B4;PQBP1;SRSF8;PRPF19;CWC15;SRSF4;DDX23;SNRPD2;LSM3;SNRPG;SNRPA;SNRNP40;PUF60;DHX16;HNRNPM;SNRNP70;SF3B2;SRSF9;TXNL4A;MAGOH;SRSF3;PHF5A;SNRPE;MAGOHB;CHERP;PCBP1;LSM7;PPIE;SNRPB2;ACIN1"
"KEGG_ENDOCYTOSIS",2.82793176253198e-05,0.000578154938117649,0.575610261071129,-0.345404568446849,-1.7452332694154,174,"ARRB1;EHD1;ADRB2;DNM2;EPN1;ARFGAP2;MVB12B;PRKCZ;VPS4A;GIT1;LDLRAP1;HSPA6;ARAP1;RAB5C;GRK6;ARAP2;CHMP6;HGS;GRK2;RAB11FIP1;FGFR4;CLTB;ARFGAP1;ADRB1;CHMP2A;PIP5K1B;ARRB2;SNF8;EHD2;CXCR1;SH3GL2;RAB5B;PDGFRA;CLTA;HLA-E;HLA-F;NEDD4L;LDLR;AP2S1;PSD4;ARAP3;VPS37B;AP2M1;CXCR2;EGF;AP2A2;SH3GLB2;KDR;RAB11A;VPS37C;HLA-G;MVB12A;ERBB3;PARD6B;STAM;ACAP3;SH3GL3;ACAP1;HLA-B;IL2RB;GRK5;SH3GL1"
"KEGG_NATURAL_KILLER_CELL_MEDIATED_CYTOTOXICITY",0.00022713831988172,0.00417934508582365,0.518848077743792,-0.368495701828486,-1.74058618041847,115,"CSF2;PIK3CD;ARAF;MAPK3;SH3BP2;CD244;ITGAL;PTPN6;MAP2K2;SHC2;CHP1;FYN;FCER1G;IFNGR1;PRF1;NCR3;HLA-E;SH2D1B;PTK2B;ITGB2;TYROBP;PRKCA;RAC2;HCST;TNFSF10;RAC3;VAV1;LAT;MAP2K1;GRB2;KLRD1;SHC3;ICAM2;HLA-G;FCGR3A;FASLG;VAV2;SYK;ZAP70;HLA-B;LCP2;PPP3R1;FCGR3B;HRAS;PIK3R5"
"KEGG_STEROID_BIOSYNTHESIS",0.000259134797462803,0.00433461843028689,0.49849310876659,-0.694525413597134,-2.15940208927706,17,"DHCR7;EBP;MSMO1;LSS;SQLE;TM7SF2;DHCR24;SC5D;CYP51A1;HSD17B7"
"KEGG_FC_EPSILON_RI_SIGNALING_PATHWAY",0.000305234483279458,0.0046802620769517,0.49849310876659,-0.425253599228951,-1.8574973565211,72,"PLA2G3;CSF2;GAB2;MAP2K7;PIK3CD;MAPK3;AKT1;MAP2K2;MAPK14;PRKCD;MAPK13;FYN;PLA2G1B;FCER1G;PDPK1;PLA2G12B;MAP2K3;PLA2G4E;PRKCE;LYN;PRKCA;RAC2;RAC3;VAV1;LAT;MAP2K1;GRB2;MAPK11"
"KEGG_VALINE_LEUCINE_AND_ISOLEUCINE_DEGRADATION",0.00043275177290099,0.00530842174758548,0.49849310876659,-0.492343262044525,-1.94172631269117,43,"HMGCS1;ACAT2;MCCC1;BCAT2;ACAT1;ACADS;ACAA1;ALDH6A1;IVD;ACAA2;MMUT;HMGCL;ECHS1;ACADSB;BCAT1;HMGCS2;HSD17B10"
"KEGG_SNARE_INTERACTIONS_IN_VESICULAR_TRANSPORT",0.000416288390236278,0.00530842174758548,0.49849310876659,-0.501006536805054,-1.92097338286654,37,"STX11;STX3;STX10;VTI1B;VAMP5;VAMP2;VAMP8;YKT6;TSNARE1;GOSR2;STX8;USE1;SNAP23;STX4;BET1L;VAMP3;STX2;STX12"
"KEGG_HUNTINGTONS_DISEASE",0.000402559589644465,0.00530842174758548,0.49849310876659,-0.325441243206303,-1.63768052951475,167,"POLR2C;DCTN1;POLR2J;POLR2L;GNAQ;HTT;POLR2E;CLTB;NDUFV1;BDNF;DCTN4;PLCB2;PLCB3;NDUFA3;BBC3;CREB3L1;CYC1;NDUFS8;COX6B1;UQCRHL;NDUFA9;NDUFB9;CLTA;NDUFS2;NDUFB7;MT-CO2;AP2S1;COX8A;ATP5F1D;NRF1;SDHA;AP2M1;SDHB;NDUFS6;POLR2F;ATP5MC1;NDUFA2;AP2A2;NDUFB6;ATP5PD;NDUFV3;SDHCP5;RCOR1;NDUFB3;UQCRC1;ATP5F1E;HDAC1;SLC25A5;NDUFC2;COX7A1;MT-CYB;NDUFAB1;NDUFS7;UQCR10;ATP5MC2;COX6C;COX4I1;TBP;COX5B;COX5A;UQCR11;BAX;ATP5PF;COX6A1;MT-CO3;SOD2;POLR2G;ATP5MC3;ATP5PO;NDUFB10;AP2A1;CASP8;POLR2K;SDHD;VDAC2P5;COX7C;COX7A2L;NDUFC1;NDUFS3;NDUFB8;VDAC2;MT-ATP6;PPARG;UQCRFS1"
"KEGG_P53_SIGNALING_PATHWAY",0.000626282487384769,0.00720224860492484,0.477270815362862,0.464495588167205,1.78004321803429,68,"ZMAT3;GADD45A;SERPINB5;IGF1;DDB2;SESN3;CDKN2A;PTEN;STEAP3;PERP;IGFBP3;SERPINE1;TNFRSF10B;THBS1;CCND2;CCNB2;TP73;ATR;CHEK2;ATM;CDKN1A;TP53AIP1;MDM2;RRM2B;RRM2;CCNE2;CCNB1;CDK1;SESN1;GTSE1;CDK6;CASP3;CCND1;FAS;SESN2;CHEK1;CCNE1"
"KEGG_FC_GAMMA_R_MEDIATED_PHAGOCYTOSIS",0.000824276446721094,0.00892158036451067,0.477270815362862,-0.369725712800962,-1.68089782719879,93,"DNM2;GAB2;PLA2G4F;PIK3CD;MAPK3;ARPC4;AKT1;HCK;SPHK2;WAS;PRKCD;VASP;NCF1;ARPC5;PIP5K1B;ARPC5L;MYO10;ARPC1B;RPS6KB2;ARPC1A;PLA2G4E;PRKCE;LYN;ARPC2;PRKCA;FCGR1A;RAC2;VAV1;LAT;MAP2K1"
"KEGG_HYPERTROPHIC_CARDIOMYOPATHY_HCM",0.000991318783941026,0.0101334809025083,0.45505986738723,0.438454160394642,1.70530174091955,74,"ITGA2;TGFB3;CACNA1C;ITGB8;SGCD;ITGAV;DMD;IGF1;PRKAA2;ITGB4;ATP2A2;ITGA9;ITGB3;ITGA11;LMNA;ITGA7;SLC8A1;TPM1;DES;CACNB3;ITGA8;ITGB1;CACNB2;SGCB;PRKAG1;CACNA2D1;RYR2;PRKAB2;ITGB5;TGFB2"
"KEGG_INSULIN_SIGNALING_PATHWAY",0.00122183033240302,0.0118324621664293,0.45505986738723,-0.325590608176371,-1.57067305208676,124,"FASN;SREBF1;PRKCZ;FLOT2;HK2;PYGL;PIK3CD;ARAF;MAPK3;MKNK2;HK3;INPP5K;AKT1;MAP2K2;GYS1;PPP1CA;SHC2;EIF4EBP1;PRKAR1B;PCK2;TRIP10;RPS6KB2;EIF4E2;PDPK1;TSC1;PHKA2;FLOT1;SH2B2;IRS2;MAP2K1;GRB2;GSK3B;MKNK1;PHKG2;TSC2;CALM3;SOCS1;SHC3"
"KEGG_NEUROTROPHIN_SIGNALING_PATHWAY",0.00166950200779397,0.0153594184717045,0.45505986738723,-0.327995975752401,-1.57672301957193,122,"RPS6KA2;ARHGDIA;RPS6KA4;MAP2K7;PIK3CD;MAPK3;AKT1;ATF4;MAP2K2;MAPK14;PRKCD;RPS6KA1;SHC2;BDNF;IRAK1;MAPK13;NFKBIB;CSK;BEX3;NFKBIA;PDPK1;MAPK7;MAP3K3;RHOA;NGF;SH2B2;IRS2;RAP1A;MAP2K1;GRB2;MAPK11;GSK3B;CALM3;PRDM4;SHC3;RELA;FASLG;MAP2K5;MAPKAPK2;RAPGEF1;BAD"
"KEGG_LYSOSOME",0.00178073030484341,0.0156025893376756,0.45505986738723,-0.329969194993183,-1.57273125020514,119,"NAGLU;LAMP3;HYAL1;GGA3;AP1M1;CTNS;SMPD1;ATP6V0A1;PSAPL1;GGA1;GGA2;AP3D1;CTSD;ATP6V0B;CLTB;TCIRG1;CTSH;NAPSA;LAMP1;CLTA;NPC1;ATP6V0D1;PLA2G15;ASAH1;ATP6AP1;MCOLN1;ARSA;AP1B1;IDUA;CTSW;SLC11A1;IGF2R;AP1M2"
"KEGG_DILATED_CARDIOMYOPATHY",0.00202561986793738,0.0167264103972132,0.431707695803346,0.421305148604622,1.66847488638552,80,"ITGA2;TGFB3;CACNA1C;ITGB8;SGCD;ITGAV;ADCY2;DMD;ADCY5;PLN;IGF1;ITGB4;ATP2A2;ITGA9;ITGB3;ITGA11;LMNA;PRKACB;ITGA7;SLC8A1;TPM1;DES;CACNB3;ITGA8;ITGB1;CACNB2;SGCB;CACNA2D1;RYR2;ITGB5;TGFB2"
"KEGG_TOLL_LIKE_RECEPTOR_SIGNALING_PATHWAY",0.00214674480911522,0.0167264103972132,0.431707695803346,-0.351323172212797,-1.5933998444361,92,"MAP2K7;PIK3CD;MAPK3;CD40;AKT1;TLR3;MAP2K2;MAPK14;TLR4;IRAK1;MAPK13;MYD88;NFKBIA;IRF5;MAP2K3;TAB1;CHUK;CD14;TOLLIP;TICAM1;MAP2K1;MAPK11;IKBKE;IL12A;TLR8;RELA;IRF3;TLR2;IRF7;STAT1;PIK3R5;TLR1;IKBKG;RIPK1"
"KEGG_CALCIUM_SIGNALING_PATHWAY",0.00219249830068943,0.0167264103972132,0.431707695803346,0.351000935644673,1.53405629047005,153,"BDKRB2;GNAL;HTR2A;LHCGR;RYR3;DRD5;CACNA1C;GRIN2A;PDE1A;CACNA1G;AVPR1A;PLCB4;CD38;ADCY2;EDNRA;PLN;PLCB1;ATP2A2;PLCD4;CYSLTR1;ITPR1;HTR4;DRD1;MYLK;HTR2B;PHKA1;F2R;PRKACB;CHP2;SLC8A1;ATP2B2;PTGER1;PHKG1;CYSLTR2"
"KEGG_CELL_ADHESION_MOLECULES_CAMS",0.00227261010831701,0.0167264103972132,0.431707695803346,0.361276653168735,1.53075783713548,121,"CLDN2;NCAM1;CDH2;CDH3;CLDN1;ITGB8;SELE;ITGAV;NLGN3;VCAM1;HLA-DRB5;NFASC;NRXN3;NECTIN1;CLDN16;CNTN1;ITGA9;SDC2;CTLA4;CD28;CLDN10;NRXN2;ITGA8;VCAN;NLGN2;ITGB1;HLA-DQB1;HLA-DQA1;CNTNAP1;SELP"
"KEGG_MTOR_SIGNALING_PATHWAY",0.00240050107704705,0.016988161468333,0.431707695803346,-0.434159380863845,-1.77926720585872,49,"RPS6KA2;PIK3CD;MAPK3;ULK3;AKT1;MLST8;RPS6KA1;EIF4EBP1;VEGFA;VEGFD;VEGFC;RPS6KB2;EIF4E2;PDPK1;VEGFB;TSC1"
"KEGG_FOCAL_ADHESION",0.00336051892188669,0.0229013141343389,0.431707695803346,0.333236086507021,1.4845901468314,189,"ITGA2;TNN;COMP;CTNNB1;TNC;ITGB8;FN1;COL4A6;COL6A3;ITGAV;SHC4;PDGFD;COL3A1;SPP1;FLNC;HGF;IGF1;PAK3;ITGB4;TNXB;ITGA9;ITGB3;COL1A2;PDGFC;THBS2;ITGA11;COL1A1;MYLK;ACTN1;ITGA7;THBS4;COL5A2;MAPK10;PTEN;ITGA8;PPP1R12A;ITGB1;PGF;PAK5;RELN;CHAD;IBSP;BIRC3;THBS3;THBS1;CCND2;COL5A1;SOS1;ITGB5;PAK1;ROCK1;COL4A1;DOCK1"
"KEGG_EPITHELIAL_CELL_SIGNALING_IN_HELICOBACTER_PYLORI_INFECTION",0.00414885185243478,0.0272638836017143,0.407017918923954,-0.394712405447816,-1.69270866448433,63,"GIT1;ATP6V0A1;MAPK14;ATP6V1B2;ATP6V0B;MAPK13;CSK;TCIRG1;F11R;NOD1;NFKBIA;CXCR1;ATP6V1F;ATP6V0D1;ATP6AP1;CHUK;LYN;CXCR2;MAPK11;ATP6V1E1;RELA;ATP6V1A;IKBKG;ATP6V0E1;MAPK9;ATP6V0E2;ATP6V1C1;ATP6V1G1"
"KEGG_PPAR_SIGNALING_PATHWAY",0.00473910886222112,0.0300688286430582,0.407017918923954,-0.397472348101752,-1.67758350290149,60,"SCD;CD36;RXRA;ACADL;FABP5;DBI;ACAA1;RXRG;ACSL1;APOA1;PCK2;SLC27A4;FADS2;PPARD;PDPK1"
"KEGG_PYRUVATE_METABOLISM",0.00588741988059749,0.036109508600998,0.407017918923954,-0.434992074022186,-1.66785886923402,37,"ACSS2;ACAT2;LDHD;ACSS1;HAGH;ACAT1"
"KEGG_VEGF_SIGNALING_PATHWAY",0.00630760212999041,0.0374386707070399,0.407017918923954,-0.358640128576297,-1.56653134031254,72,"PLA2G3;PIK3CD;MAPK3;PXN;AKT1;MAP2K2;SPHK2;MAPK14;SHC2;CHP1;MAPK13;VEGFA;PLA2G1B;MAPKAPK3;PLA2G12B;PLA2G4E;PRKCA;RAC2;RAC3;MAP2K1;MAPK11;KDR;MAPKAPK2;BAD;PPP3R1;PLA2G4B;HRAS;PIK3R5"
"KEGG_AMINO_SUGAR_AND_NUCLEOTIDE_SUGAR_METABOLISM",0.00838831151702234,0.0481832059615306,0.380730400722792,-0.411894517132534,-1.63803397994968,44,"GALE;HK2;RENBP;GALK1;HK3;AMDHD2;GMPPB;FCSK;GNPDA1;UXS1;PMM1;CYB5R1;PGM1;NPL;GMPPA;NAGK;CHIA;HK1;NANP"
"KEGG_RIG_I_LIKE_RECEPTOR_SIGNALING_PATHWAY",0.00864155324310059,0.0481832059615306,0.380730400722792,-0.370495109694474,-1.57160832139607,62,"TRIM25;MAVS;MAPK14;MAPK13;NFKBIB;DHX58;NFKBIA;TBKBP1;PIN1;NLRX1;CHUK;MAPK11;IKBKE;IL12A;ISG15;RELA;IRF3;IRF7;IKBKG;RIPK1;MAPK9;TRADD;CASP8;TRAF2;DDX3Y;IFNA5;FADD"
"KEGG_GLYCINE_SERINE_AND_THREONINE_METABOLISM",0.010355542346054,0.055106013586967,0.380730400722792,-0.489846586754169,-1.71653763157035,26,"CBS;PHGDH;CHDH;GNMT;ALAS1;MAOA;SHMT2;GCAT;SHMT1;CTH;GLYCTK;AOC2"
"KEGG_ACUTE_MYELOID_LEUKEMIA",0.0107816113539718,0.055106013586967,0.380730400722792,-0.390915815689449,-1.6086786154667,56,"CEBPA;PIK3CD;ARAF;MAPK3;STAT5A;SPI1;AKT1;MAP2K2;EIF4EBP1;RPS6KB2;PPARD;PML;CHUK;PIM1;MAP2K1;GRB2;RARA;STAT5B;RELA;JUP;BAD;HRAS;PIK3R5;IKBKG"
"KEGG_ALZHEIMERS_DISEASE",0.010547009979131,0.055106013586967,0.380730400722792,-0.275089611083162,-1.37460904391112,154,"MAPK3;MME;GNAQ;CACNA1F;NDUFV1;CHP1;PLCB2;PLCB3;NDUFA3;CYC1;NDUFS8;APH1A;COX6B1;UQCRHL;NDUFA9;NDUFB9;NDUFS2;ITPR3;NDUFB7;MT-CO2;COX8A;ATP5F1D;SDHA;SDHB;NDUFS6;ATP5MC1;HSD17B10;NDUFA2;NDUFB6;ATP5PD;GSK3B;CALM3;CAPN1;APBB1;PSEN2;NDUFV3;SDHCP5;NDUFB3;UQCRC1;ATP5F1E;NDUFC2;COX7A1;MT-CYB;NDUFAB1;BAD;NDUFS7;UQCR10;PPP3R1;ATP2A1;GRIN2D;ATP5MC2;COX6C;NCSTN;COX4I1;COX5B;COX5A;UQCR11;ATP5PF;COX6A1;MT-CO3;ATP5MC3;ATP5PO;NOS1;NDUFB10;CACNA1S;CASP8;SDHD;COX7C;FADD;COX7A2L;NDUFC1;NDUFS3;NDUFB8;MT-ATP6;GAPDH"
"KEGG_VIBRIO_CHOLERAE_INFECTION",0.0115766435649741,0.0575703355663578,0.380730400722792,-0.397925568808021,-1.61019419966045,47,"ATP6V0A1;ATP6V1B2;ATP6V0B;TCIRG1;ARF1;KCNQ1;SEC61B;ATP6V1F;ATP6V0D1;ATP6AP1;CFTR;PRKCA;SEC61G;ADCY9;ATP6V1E1;SEC61A1;ACTB;ATP6V1A;ATP6V0E1;ATP6V0E2;PRKCB;ATP6V1C1;ATP6V1G1"
"KEGG_LEISHMANIA_INFECTION",0.0131839161965074,0.0638379100041411,0.380730400722792,-0.345439230942575,-1.48829427195045,67,"NCF4;MAPK3;PTPN6;MAPK14;HLA-DQA2;TLR4;NCF1;IRAK1;MAPK13;NFKBIB;MYD88;NOS2;IFNGR1;NFKBIA;ITGB2;TAB1;NCF2;IL1A;FCGR1A;HLA-DMA;MAPK11;CYBA;IL12A;CR1;RELA;FCGR3A"
"KEGG_FRUCTOSE_AND_MANNOSE_METABOLISM",0.0139568018736399,0.0658474755064035,0.380730400722792,-0.437322056201421,-1.62255219965624,32,"PFKFB2;HK2;PFKFB4;HK3;KHK;GMPPB;FCSK;PFKL;PMM1;ALDOC;TPI1;GMPPA;AKR1B1;FBP1;PFKFB3;HK1;MPI;ALDOA"
"KEGG_MAPK_SIGNALING_PATHWAY",0.0170852827784333,0.0785923007807934,0.352487857583619,-0.248378463278459,-1.29694525296527,240,"ARRB1;CDC25B;RPS6KA2;FGF22;CACNA2D3;MAP4K2;PLA2G3;RRAS;CACNA2D2;RPS6KA4;MAP2K7;MAPK3;HSPA6;CACNB1;RASGRP4;MKNK2;AKT1;ATF4;MAP3K11;MAP2K2;RASGRF1;MAPK14;MAPK8IP2;RPS6KA1;RASGRP2;FGFR4;TAOK2;TAOK3;CACNA1F;BDNF;CHP1;MAPK13;PLA2G1B;ARRB2;CACNG4;FGF9;PDGFRA;MAPKAPK3;PLA2G12B;MAP2K3;ECSIT;MAPK7;MAP3K6;MAP3K3;TAB1;STK4;PLA2G4E;CHUK;NGF;SRF;PRKCA;CD14;IL1A;RAC2;LAMTOR3;DUSP7;EGF;RAC3;DDIT3;RAP1A;MAP2K1;GRB2;MAPK11;MKNK1"
"KEGG_CYTOSOLIC_DNA_SENSING_PATHWAY",0.0203708029610452,0.0914201888983492,0.352487857583619,-0.375060830885006,-1.53707017747267,49,"MAVS;CASP1;POLR3B;NFKBIB;NFKBIA;POLR3H;CHUK;ADAR;POLR3K;IKBKE;RELA;IRF3;IRF7;POLR3G;IKBKG;RIPK1"
"KEGG_BUTANOATE_METABOLISM",0.0264599012056541,0.115919567186675,0.352487857583619,-0.449987226559838,-1.65213688224863,30,"HMGCS1;ACAT2;ACAT1;ACSM3;ACADS;ACSM5;HMGCL;AACS;ECHS1;PDHA1;HMGCS2"
"KEGG_FATTY_ACID_METABOLISM",0.0272209396066162,0.116480299712032,0.352487857583619,-0.391737345657462,-1.5226785864325,41,"ACAT2;ACADL;ACAT1;GCDH;ACADS;ACAA1;ACSL1;ACAA2;ECI1"
"KEGG_NON_SMALL_CELL_LUNG_CANCER",0.0284434368943385,0.118945281558143,0.352487857583619,-0.376160866266239,-1.55326609412115,52,"RXRA;PIK3CD;ARAF;MAPK3;AKT1;RASSF1;MAP2K2;RXRG;PDPK1;STK4;E2F1;CDK4;PRKCA;EGF;MAP2K1;GRB2"
"KEGG_RNA_POLYMERASE",0.0302092282885908,0.123522177891127,0.352487857583619,-0.452219096098867,-1.60071735589278,27,"POLR2C;POLR2J;POLR2L;POLR3B;POLR2E;POLR3H;POLR1A;POLR2F;POLR3K;POLR3G;POLR2G;POLR3GL;POLR2K"
"KEGG_PANTOTHENATE_AND_COA_BIOSYNTHESIS",0.0310542856766679,0.124217142706671,0.352487857583619,-0.52430424412997,-1.59698991288016,16,"BCAT2;UPB1;PANK2;PPCDC;VNN2;COASY;DPYD;BCAT1"
"KEGG_T_CELL_RECEPTOR_SIGNALING_PATHWAY",0.0356838442320062,0.139698454014663,0.321775918075361,-0.276261445273343,-1.29309962123112,104,"CSF2;MAP2K7;PIK3CD;MAPK3;AKT1;PTPN6;PRKCQ;MAP2K2;MAPK14;PAK4;CHP1;MAPK13;FYN;NFKBIB;NFKBIA;PDPK1;RHOA;CHUK;CDK4;VAV1;LAT;MAP2K1;GRB2;MAPK11;GSK3B;RELA;PAK2;VAV2;ZAP70;LCP2;PPP3R1;HRAS;PIK3R5;IKBKG;NCK1;MAPK9"
"KEGG_COMPLEMENT_AND_COAGULATION_CASCADES",0.0398481420198905,0.152751211076247,0.321775918075361,0.395124052214822,1.47700437702033,56,"BDKRB2;C4A;CFH;A2M;C6;C4B;F2R;SERPIND1;MASP1;SERPINA5;C7;CFI;F5;SERPINE1;CR2;C1S;BDKRB1;PROC;PLG"
"KEGG_PATHOGENIC_ESCHERICHIA_COLI_INFECTION",0.044483758999842,0.166914069875761,0.321775918075361,-0.352275328551121,-1.44369088208342,49,"TUBA4A;ARPC4;ARHGEF2;WAS;TLR4;TUBB1;FYN;ARPC5;ARPC5L;ARPC1B;HCLS1;TUBA1C;ARPC1A;OCLN;RHOA;ARPC2;PRKCA;CD14;TUBA1B;TUBB4A"
"KEGG_ADIPOCYTOKINE_SIGNALING_PATHWAY",0.0453570842053698,0.166914069875761,0.321775918075361,-0.320188770311338,-1.35821316576579,62,"CD36;RXRA;AKT1;PRKCQ;AGRP;RXRG;ACSL1;TNFRSF1B;CAMKK2;NFKBIB;PCK2;NFKBIA;CAMKK1;CHUK;IRS2;POMC"
"KEGG_NEUROACTIVE_LIGAND_RECEPTOR_INTERACTION",0.0471337579617834,0.170051205195454,0.234392647294686,0.295509202343063,1.31003692109724,177,"BDKRB2;HTR2A;LHCGR;GRIA3;F2RL2;DRD5;GRIN2A;S1PR3;AVPR1A;EDNRA;LPAR4;APLNR;GRIK2;TSHR;CHRNB1;P2RY10;CHRNA4;CYSLTR1;GPR156;HTR1F;HTR4;DRD1;HTR2B;F2R;PTGER1;SSTR2;LPAR3;GABRP;CYSLTR2;OXTR;GLP1R;PRSS2;TACR1;GABRG3;GRIN2B;HRH1;CRHR2;GRM7;BDKRB1;MC4R;P2RX5;GRIK5;F2RL1;PLG;UTS2R;GRIN3B;GRIN2C;CHRNA5;CNR2;ADRA2A;GABBR1;LPAR1;CTSG;GABBR2;GRPR;GABRD;DRD2;GLRB"
"KEGG_AXON_GUIDANCE",0.0481283422459893,0.170300287947347,0.237793834423688,0.322258380007611,1.37112182788383,126,"EFNB3;ROBO1;EPHA3;CXCL12;SEMA3C;EFNA5;LRRC4C;EPHB1;SRGAP3;NGEF;PAK3;NTN1;SEMA3D;ROBO2;UNC5C;EPHA4;NFATC4;SLIT3;CHP2;EPHA2;ITGB1;EPHB2;PAK5;CXCR4;PAK1;SEMA3A;ROCK1;NFAT5;RASA1;PLXNB3;EPHA5;CDC42;NFATC2;NTN3;GNAI1;L1CAM;NFATC1;SEMA7A"
"KEGG_PORPHYRIN_AND_CHLOROPHYLL_METABOLISM",0.0505197696086131,0.172141437184904,0.321775918075361,-0.408790143220587,-1.47151638566324,28,"BLVRB;MMAB;ALAS1;BLVRA;HMOX1;UROD;HMBS"
"KEGG_PYRIMIDINE_METABOLISM",0.0501315141217245,0.172141437184904,0.321775918075361,-0.289296503638207,-1.31523950741141,93,"POLR2C;TXNRD2;UPB1;TXNRD1;CMPK2;POLR2J;POLR2L;UCKL1;POLE;POLR3B;POLR2E;POLD1;NT5C;POLR3H;POLD2;ENTPD6;DPYD;NME3;UCK1;DHODH;POLR1A;DTYMK;ITPA;POLR2F"
"KEGG_ASCORBATE_AND_ALDARATE_METABOLISM",0.0522765598650927,0.174888854821401,0.257206466468838,0.603096350767587,1.52872907588487,11,"UGT1A6;UGT1A1;ALDH7A1;ALDH1B1;UGT2B17;UGDH;ALDH3A2"
"KEGG_GLYCEROPHOSPHOLIPID_METABOLISM",0.0542786990753829,0.178344296961972,0.321775918075361,-0.312304473309194,-1.37037031074716,74,"PCYT2;PLA2G3;AGPAT2;CHPT1;TAFAZZIN;LPCAT3;AGPAT3;PISD;PCYT1A;GPAM;DGKD;GPD1L;PLA2G1B;PGS1;LYPLA2;CDIPT;PLA2G12B;ACHE;PLA2G15;DGKZ;PLA2G4E;GPAT4;CDS2;LPCAT1;LCAT;GPD2;GPAT3;DGKQ"
"KEGG_CITRATE_CYCLE_TCA_CYCLE",0.0564772830628755,0.179169311785674,0.321775918075361,-0.394721695770945,-1.46930845400082,31,"CS;IDH3B;PCK2;ACLY;IDH3G;PDHA1;SDHA;SDHB;SDHCP5;SUCLG1;IDH1;DLAT;OGDH;FH;SDHD;MDH2;DLST"
"KEGG_PEROXISOME",0.0556664751692007,0.179169311785674,0.321775918075361,-0.301085553890041,-1.3139606211885,73,"PXMP4;MVK;HSD17B4;ACAA1;ACSL1;PMVK;PEX16;ECH1;PEX14;ACOT8;PXMP2;ABCD1;NOS2;HMGCL;MPV17;NUDT19;PEX11B"
"KEGG_PENTOSE_PHOSPHATE_PATHWAY",0.0614091021472392,0.191513132120204,0.321775918075361,-0.441117300709303,-1.50252546182222,24,"RPIA;TALDO1;G6PD;PGD;TKT;DERA;PFKL;ALDOC;PGLS;PGM1"
"KEGG_GALACTOSE_METABOLISM",0.0629828984364265,0.193147555205041,0.287805130535564,-0.460485560467381,-1.55903799897227,22,"GALE;HK2;GALK1;HK3;PFKL;PGM1;MGAM;GANC;AKR1B1"
"KEGG_NOTCH_SIGNALING_PATHWAY",0.0715322039166499,0.21576927083055,0.287805130535564,-0.349248379881517,-1.38890101686938,44,"PTCRA;NOTCH1;DVL1;MFNG;NCOR2;CTBP1;NUMB;LFNG;RFNG;DTX3L;APH1A;DTX4"
"KEGG_BLADDER_CANCER",0.0744985673352436,0.219565462118654,0.282013350011725,-0.344827858998298,-1.34832095873309,42,"DAPK2;ARAF;MAPK3;RASSF1;MAP2K2;DAPK3;DAPK1;VEGFA;VEGFD;VEGFC;VEGFB;E2F1;CDK4;EGF;MAP2K1"
"KEGG_TGF_BETA_SIGNALING_PATHWAY",0.075177304964539,0.219565462118654,0.193813302725311,0.332291580978604,1.31595865765325,80,"LTBP1;COMP;TGFB3;ACVR1;BMP5;BMP7;THBS2;BMP8A;THBS4;BMP4;CHRD;INHBB;THBS3;DCN;THBS1;BMP6;SMAD1;TGFB2;ROCK1;TFDP1;BMPR1B;FST;PPP2R1B;BMPR1A;ACVR2A"
"KEGG_PROPANOATE_METABOLISM",0.0775099140720022,0.222841002957006,0.287805130535564,-0.377562643182184,-1.40543575254703,31,"ACSS2;ACAT2;ACSS1;ACAT1;ALDH6A1;MMUT"
"KEGG_HEDGEHOG_SIGNALING_PATHWAY",0.0787878787878788,0.223030303030303,0.195789002148949,0.382367215488252,1.36124430365125,48,"SMO;WNT10A;GLI1;BMP5;WNT2B;WNT5A;BMP7;CSNK1A1;RAB23;PRKACB;GLI2;BMP8A;BMP4;WNT16;BMP6;PTCH2;BTRC;GLI3;PTCH1;WNT5B;WNT4;STK36;WNT7B;SUFU"
"KEGG_CHRONIC_MYELOID_LEUKEMIA",0.08125,0.226515151515152,0.282013350011725,-0.294043865479552,-1.28437643754181,72,"GAB2;PIK3CD;ARAF;MAPK3;STAT5A;AKT1;MAP2K2;CTBP1;SHC2;NFKBIA;CHUK;E2F1;CDK4;BCL2L1;MAP2K1;GRB2;SHC3;STAT5B;TGFBR2;RELA;HDAC1;BAD;HRAS;BCR;PIK3R5;IKBKG"
"KEGG_PRIMARY_BILE_ACID_BIOSYNTHESIS",0.0836120401337793,0.229621125143513,0.199915231309662,0.551755848987178,1.42410838947067,12,"BAAT;CYP39A1;CYP7B1;ACOX2;SCP2;CH25H"
"KEGG_AMINOACYL_TRNA_BIOSYNTHESIS",0.0908236775239113,0.245758186241172,0.287805130535564,-0.350063240901127,-1.35442726098834,39,"CARS2;YARS1;SARS1;WARS1;FARSA;AARS1;NARS1;GARS1;AARS2;QARS1;PARS2;FARSB;NARS2;MARS1;KARS1;HARS1;VARS1;RARS1;HARS2;TARS3;TARS1;LARS2;DARS2"
"KEGG_GLYCOSYLPHOSPHATIDYLINOSITOL_GPI_ANCHOR_BIOSYNTHESIS",0.102493074792244,0.27239082161362,0.234392647294686,-0.384841676959211,-1.30973242190354,23,"PIGQ;GPAA1;PIGH;PIGS;DPM2"
"KEGG_PURINE_METABOLISM",0.103626943005181,0.27239082161362,0.155241966228839,0.283334964753379,1.23242343504429,147,"ENTPD1;PDE7B;PDE3A;PDE1A;NT5E;ADCY2;ADCY5;PRPS2;PDE3B;PDE11A;PDE10A;PDE4B;NT5C1A;GUCY1A1;AMPD1;PPAT;GDA;ENTPD2;NME5;POLR2A;PDE5A;NME7;ENPP3;XDH;PDE2A;ADSS2;ENTPD4"
"KEGG_GNRH_SIGNALING_PATHWAY",0.10580204778157,0.274191222419843,0.257206466468838,-0.270117987227877,-1.23075393431704,91,"PLA2G3;MAP2K7;MAPK3;ATF4;MAP2K2;GNAQ;MAPK14;PRKCD;CACNA1F;MAPK13;PLCB2;PLA2G1B;PLCB3;GNA11;ADCY8;PLA2G12B;MAP2K3;ITPR3;MAPK7;MAP3K3;PTK2B;PLA2G4E;PRKCA;ADCY7;MAP2K1;GRB2;MAPK11;CALM3;ADCY9"
"KEGG_CHEMOKINE_SIGNALING_PATHWAY",0.116071428571429,0.296626984126984,0.282013350011725,-0.230114687337255,-1.15811317624032,170,"ARRB1;FGR;PRKCZ;PIK3CD;MAPK3;PXN;CCL26;AKT1;GRK6;GNB2;HCK;WAS;PRKCD;RASGRP2;GRK2;SHC2;NCF1;PLCB2;PREX1;NFKBIB;CSK;CX3CR1;PLCB3;GSK3A;ARRB2;ADCY8;NFKBIA;CXCR1;CCR2;GNGT2;PTK2B;RHOA;CHUK;LYN;XCL1;ADCY7;RAC2;CXCR2;CCL23;VAV1;RAP1A;MAP2K1;CXCL16;GRB2;GSK3B;ADCY9;SHC3;STAT5B;GNAI2;RELA"
"KEGG_GLYCOSAMINOGLYCAN_BIOSYNTHESIS_HEPARAN_SULFATE",0.126738794435858,0.298973566361511,0.153158808683073,0.418135973067712,1.31388552988733,24,"HS6ST2;HS3ST1;EXTL2;B3GAT1;HS6ST3;HS6ST1;EXTL1;B3GAT2;EXT1;GLCE;HS3ST2;EXT2;EXTL3"
"KEGG_HISTIDINE_METABOLISM",0.125195618153365,0.298973566361511,0.155241966228839,0.406836197921917,1.30029569298728,26,"ALDH1A3;ALDH7A1;HDC;MAOB;ALDH3A1;ASPA"
"KEGG_ALDOSTERONE_REGULATED_SODIUM_REABSORPTION",0.126684636118598,0.298973566361511,0.206587922696891,-0.334586334801366,-1.2556187301981,35,"NHERF2;FXYD4;PIK3CD;MAPK3;SCNN1A;PDPK1;NEDD4L;FXYD2;HSD11B1;PRKCA;IRS2"
"KEGG_VASOPRESSIN_REGULATED_WATER_REABSORPTION",0.123943661971831,0.298973566361511,0.213927855492356,-0.319971675995989,-1.2374750465467,40,"ARHGDIA;DCTN1;RAB5C;DYNLL2;VAMP2;AQP4;DCTN4;CREB3L1;RAB5B;DCTN5;STX4;ADCY9;RAB11A"
"KEGG_GLUTATHIONE_METABOLISM",0.125,0.298973566361511,0.216542836735348,-0.310015238927106,-1.23414018838057,45,"GPX3;GSTA4;OPLAH;G6PD;PGD;GSTM1;MGST1;GSTO1;GSTP1;GSTZ1;GGCT;GSTM4;IDH1;GSS;SRM;GSTM5;GPX4;GGT7;GSTO2"
"KEGG_JAK_STAT_SIGNALING_PATHWAY",0.12,0.298973566361511,0.261663521711573,-0.242489990959266,-1.16568366390534,122,"CSF3R;IL6R;CSF2;CISH;PIK3CD;IL15RA;EPOR;STAT5A;AKT1;PTPN6;STAT6;CCND3;IFNGR1;IL4R;CTF1;IL15;PIAS4;PIM1;BCL2L1;GRB2;IL7R;SOCS1;TYK2;STAT5B;IL12A;SPRY2;SPRED1"
"KEGG_DRUG_METABOLISM_CYTOCHROME_P450",0.133729569093611,0.31147140143322,0.14551614609036,0.348619748343062,1.26320145234052,51,"FMO1;UGT1A6;ALDH1A3;UGT1A1;FMO4;GSTA1;MAOB;ADH6;ALDH3A1;FMO3;ADH7;CYP2A13;CYP2A6;ADH4"
"KEGG_SELENOAMINO_ACID_METABOLISM",0.140495867768595,0.323140495867769,0.197822021315103,-0.357988518360109,-1.25447595237329,26,"CBS;PAPSS2;SEPHS2;CTH;HEMK1"
"KEGG_PANCREATIC_CANCER",0.15,0.340740740740741,0.204294756516886,-0.276162565988608,-1.19999120573903,69,"PIK3CD;ARAF;MAPK3;AKT1;RALA;VEGFA;VEGFD;VEGFC;VEGFB;CHUK;E2F1;CDK4;RAC2;EGF;RAC3;BCL2L1;MAP2K1;TGFBR2;RELA;BAD;RALB;STAT1;PIK3R5;IKBKG;JAK1;MAPK9"
"KEGG_LONG_TERM_POTENTIATION",0.152173913043478,0.341463414634146,0.20207170902116,-0.281388611328461,-1.20672401958715,63,"RPS6KA2;GRIA1;ARAF;MAPK3;ATF4;MAP2K2;GNAQ;RPS6KA1;PPP1CA;CHP1;PLCB2;PLCB3;ADCY8;ITPR3;PRKCA;RAP1A;MAP2K1;CALM3"
"KEGG_GLYCOSAMINOGLYCAN_BIOSYNTHESIS_CHONDROITIN_SULFATE",0.159810126582278,0.354277870977581,0.136490437780413,0.420280091070685,1.28087408563135,22,"CSGALNACT1;CHSY3;CHST3;B3GAT1;CHSY1;CHST7;CSGALNACT2;UST;B3GAT2"
"KEGG_CELL_CYCLE",0.162198391420912,0.355291714541044,0.123257226381337,0.278347323333344,1.1781347939697,123,"WEE1;TGFB3;GADD45A;CDC14B;MCM4;PRKDC;CDKN2A;CCNA1;BUB1B;TFDP2;CDKN2C;CCND2;CCNB2;CDC25C;CCNH;TGFB2;ATR;CHEK2;ATM;CDKN1A;YWHAE;TFDP1;MDM2;CCNA2;YWHAZ;CCNE2;CCNB1;CDK1;TTK;ORC5;CDK6;CCND1;MAD2L1;CDC45;CDC20;RBL1;YWHAQ;ABL1;MYC;CHEK1;CCNE1;HDAC2"
"KEGG_GLYCOSPHINGOLIPID_BIOSYNTHESIS_GANGLIO_SERIES",0.16793893129771,0.356716774039609,0.172324344900946,-0.456001705331033,-1.30050547042991,13,"ST3GAL5;ST6GALNAC3;ST6GALNAC4"
"KEGG_GLYOXYLATE_AND_DICARBOXYLATE_METABOLISM",0.170603674540682,0.356716774039609,0.173747838999571,-0.440235992444674,-1.28578954076217,14,"PGP;AFMID;CS;GLYCTK;GRHPR"
"KEGG_GAP_JUNCTION",0.165487977369165,0.356716774039609,0.12563992130984,0.302019489959864,1.19439718882028,78,"HTR2A;TUBB3;TUBB2B;PLCB4;PDGFD;ADCY2;ADCY5;PLCB1;PDGFC;ITPR1;DRD1;HTR2B;PRKACB;GUCY1A1"
"KEGG_NOD_LIKE_RECEPTOR_SIGNALING_PATHWAY",0.170418006430868,0.356716774039609,0.193813302725311,-0.282711475497896,-1.1871566908694,59,"MAPK3;CASP5;MEFV;MAPK14;CASP1;CARD6;NAIP;NOD2;MAPK13;NFKBIB;NOD1;NFKBIA;TAB1;CHUK;PSTPIP1"
"KEGG_SULFUR_METABOLISM",0.178756476683938,0.363573335182168,0.16823816568964,-0.514178757948339,-1.33497728987831,10,"PAPSS2;SULT1A2;SUOX;SULT2B1"
"KEGG_PRION_DISEASES",0.176165803108808,0.363573335182168,0.169570644405628,-0.322194165845495,-1.19933263557228,31,"NOTCH1;C1QA;MAPK3;MAP2K2;C1QC;FYN;C1QB;C8G;IL1A;MAP2K1"
"KEGG_GLYCOLYSIS_GLUCONEOGENESIS",0.17981072555205,0.363573335182168,0.186432558434075,-0.282050229458314,-1.16842660604704,55,"ACSS2;ENO2;HK2;ACSS1;HK3;PCK2;PFKL;ENO1;ALDOC;PGM1;TPI1;PDHA1;AKR1A1;ADH1B;ENO3;FBP1;ALDH3B1;PGAM4;HK1;LDHB;DLAT;ALDOA;GPI"
"KEGG_VASCULAR_SMOOTH_MUSCLE_CONTRACTION",0.183923705722071,0.364784946236559,0.115734447701689,0.283213287058545,1.17023125410068,106,"CACNA1C;PPP1R12B;KCNMA1;IRAG1;MYH11;AVPR1A;PLCB4;ACTG2;ADCY2;EDNRA;ADCY5;PLCB1;ITPR1;ACTA2;PLA2G2C;MYLK;PRKACB;KCNMB1;GUCY1A1;PLA2G4A;CALD1;PPP1R12A"
"KEGG_RENAL_CELL_CARCINOMA",0.184375,0.364784946236559,0.183023938384487,-0.268098757281161,-1.16495206312729,69,"PIK3CD;ARAF;MAPK3;AKT1;MAP2K2;PAK4;VEGFA;VEGFD;EPAS1;FLCN;RBX1;VEGFC;ELOB;VEGFB;RAP1A;MAP2K1;GRB2;PAK2;PDGFB;RAPGEF1;ARNT;HRAS;VHL;PIK3R5"
"KEGG_VALINE_LEUCINE_AND_ISOLEUCINE_BIOSYNTHESIS",0.207253886010363,0.405688457722412,0.155241966228839,-0.495363763218727,-1.28612737088625,10,"BCAT2;PDHA1;BCAT1"
"KEGG_LEUKOCYTE_TRANSENDOTHELIAL_MIGRATION",0.216606498194946,0.419532585977579,0.181383128498408,-0.240729852149106,-1.10265005243294,99,"SIPA1;ESAM;NCF4;PIK3CD;PXN;ITGAL;CLDN5;CLDN18;MYL12A;MAPK14;VASP;NCF1;MAPK13;ARHGAP35;F11R;OCLN;PTK2B;ITGB2;RHOA;CDH5;TXK;PRKCA;NCF2;RAC2;MYL5;MYL12B;VAV1;RAP1A;CLDN15;MAPK11;CYBA;RASSF5;GNAI2;AFDN;MSN;VAV2;ACTB"
"KEGG_MELANOGENESIS",0.233190271816881,0.446948020982356,0.103576326612592,0.279010651367154,1.12119208293744,89,"CTNNB1;GNAO1;CREB3L2;WNT10A;LEF1;WNT2B;PLCB4;ADCY2;FZD3;ADCY5;PLCB1;WNT5A;TYRP1;PRKACB;FZD7;DCT;KIT"
"KEGG_ABC_TRANSPORTERS",0.244204018547141,0.459071540704194,0.105520936843198,0.336419628421167,1.16501527530652,40,"ABCA12;ABCB1;ABCC9;ABCB4;ABCA13;ABCG4;ABCC5;ABCG2;ABCC3"
"KEGG_TYPE_II_DIABETES_MELLITUS",0.244505494505494,0.459071540704194,0.14641623786055,-0.294331402270992,-1.1344397334349,38,"PRKCZ;HK2;PIK3CD;MAPK3;HK3;PRKCD;KCNJ11;PRKCE;IRS2;ABCC8;SOCS1"
"KEGG_CARDIAC_MUSCLE_CONTRACTION",0.250793650793651,0.461460317460317,0.156312403073186,-0.261271575449704,-1.10829150338753,62,"CACNA2D3;TNNC1;CACNA2D2;CACNB1;CACNA1F;TNNT2;CACNG4;CYC1;COX6B1;UQCRHL;FXYD2;MT-CO2;COX8A;UQCRC1;SLC9A1;COX7A1;MT-CYB;UQCR10;COX6C;COX4I1;COX5B;COX5A;UQCR11;SLC9A6;CACNB4;TPM3;COX6A1;MT-CO3"
"KEGG_CYTOKINE_CYTOKINE_RECEPTOR_INTERACTION",0.248470012239902,0.461460317460317,0.0905428948469474,0.243731355247827,1.10573890302846,217,"TNFRSF21;CXCL12;EDA2R;CXCL14;TGFB3;CCL24;IL11;ACVR1;TNFRSF19;CCL11;CCL22;CXCL13;TNFRSF13C;HGF;TNFSF11;IL5RA;BMP7;PDGFC;NGFR;CCR8;TNFSF18;CD27;TNFRSF9;TNFRSF13B;CXCL6;IFNE;CD70;TNFSF4;KIT;CCL7;IL7;INHBB;TNFRSF17;TNFRSF10B;CCL19;CXCR4;CCL21;TNFRSF18;TGFB2;TNFSF8;IL2RA;TNFRSF10A;CCL13;EDAR;CCL2;CXCL5;CCL18;IL1R1;BMPR1B;TSLP;CXCL8;ACVR1B"
"KEGG_NICOTINATE_AND_NICOTINAMIDE_METABOLISM",0.257410296411856,0.468945490492887,0.102821842840815,0.384827005958097,1.19029562729131,23,"NT5E;CD38;NMNAT2;NT5C1A;ENPP3"
"KEGG_LYSINE_DEGRADATION",0.267806267806268,0.483101502709346,0.142056643575821,-0.278044008559777,-1.1057334220251,44,"ACAT2;ACAT1;GCDH;SETD1A;DOT1L;AASS;SUV39H1"
"KEGG_NITROGEN_METABOLISM",0.276923076923077,0.489940828402367,0.131457611642763,-0.364287778813754,-1.13263499832825,17,"CA4;CA2;HAL;CTH"
"KEGG_LONG_TERM_DEPRESSION",0.276527331189711,0.489940828402367,0.149207542435322,-0.257115456202864,-1.0859746591809,61,"PLA2G3;GRIA1;ARAF;MAPK3;PRKG2;MAP2K2;GNAQ;PLCB2;PLA2G1B;PLCB3;GNA11;PLA2G12B;ITPR3;PPP2R1A;PLA2G4E;LYN;PRKCA"
"KEGG_BIOSYNTHESIS_OF_UNSATURATED_FATTY_ACIDS",0.286472148541114,0.497272408788349,0.131457611642763,-0.336766260179372,-1.12089777950143,21,"SCD;FADS1;ACAA1;FADS2;ELOVL6"
"KEGG_RNA_DEGRADATION",0.284313725490196,0.497272408788349,0.148261500475107,-0.265644205052903,-1.09981472980567,57,"ENO2;CNOT8;LSM6;ENO1;LSM4;EXOSC4;EDC3;PATL1;EXOSC10;EXOSC8;ENO3;EXOSC6;CNOT2;LSM3"
"KEGG_AMYOTROPHIC_LATERAL_SCLEROSIS_ALS",0.299093655589124,0.514329276900923,0.138022242496643,-0.2650548687538,-1.08743595834171,50,"GRIA1;MAPK14;CASP1;TNFRSF1B;CHP1;TOMM40;MAPK13;MAP2K3;TOMM40L;BCL2L1;MAPK11;BAD;PPP3R1;GRIN2D;BAX;CAT;NOS1;RAB5A;CCS;DAXX"
"KEGG_O_GLYCAN_BIOSYNTHESIS",0.316614420062696,0.539417160106815,0.0908241419007155,0.347994846217685,1.11438905800576,27,"GCNT3;GCNT1;GALNT16;ST6GALNAC1;GALNT7;B3GNT6;GALNT1;GALNT14;GALNT11;GALNT6"
"KEGG_INTESTINAL_IMMUNE_NETWORK_FOR_IGA_PRODUCTION",0.332312404287902,0.560967728339211,0.086794975677172,0.310169374071358,1.0864962956409,42,"CXCL12;TNFRSF13C;HLA-DRB5;CD28;TNFRSF13B;HLA-DQB1;HLA-DQA1;TNFRSF17;CXCR4;HLA-DRA;HLA-DRB1;TNFSF13B;ITGA4;CD86;MAP3K14"
"KEGG_PROGESTERONE_MEDIATED_OOCYTE_MATURATION",0.352542372881356,0.589707241910632,0.134273452883202,-0.235914249279931,-1.04595470430582,78,"CDC25B;RPS6KA2;PIK3CD;ARAF;MAPK3;AKT1;MAPK14;RPS6KA1;MAPK13;ADCY8;MAD2L2;ANAPC11;ANAPC2;ADCY7;MAP2K1;MAPK11;ADCY9;FZR1;CDC16;GNAI2"
"KEGG_BASAL_CELL_CARCINOMA",0.370481927710843,0.61413220449365,0.0799858801499946,0.296875285334451,1.06303082081102,49,"SMO;CTNNB1;WNT10A;GLI1;LEF1;WNT2B;FZD3;WNT5A;GLI2;BMP4;FZD7"
"KEGG_GLYCOSAMINOGLYCAN_BIOSYNTHESIS_KERATAN_SULFATE",0.389694041867955,0.640046913316985,0.0808589150280032,0.381018903670113,1.05768675506892,15,"FUT8;CHST6;B4GALT4"
"KEGG_METABOLISM_OF_XENOBIOTICS_BY_CYTOCHROME_P450",0.393072289156627,0.640046913316985,0.0768736734126542,0.291629212460579,1.04424604003392,49,"UGT1A6;ALDH1A3;UGT1A1;GSTA1;CYP2F1;ADH6;ALDH3A1;AKR1C1;ADH7;CYP2S1;ADH4;GSTA2;EPHX1"
"KEGG_REGULATION_OF_ACTIN_CYTOSKELETON",0.406698564593301,0.650717703349282,0.150169802128406,-0.199807103906002,-1.01808307200739,188,"FGF22;RRAS;CHRM1;GIT1;PIK3CD;ARAF;MAPK3;ARPC4;PXN;FGD3;ITGAL;CHRM3;ITGA2B;ARHGEF1;MAP2K2;MYL12A;WAS;CHRM2;FGFR4;PPP1CA;SSH2;PAK4;ARHGAP35;CSK;ARPC5;PIP5K1B;ARPC5L;ARPC1B;FGF9;MYH14;ARPC1A;PDGFRA;ITGA3;PFN1;ITGB2;RHOA;ARPC2;CD14;RAC2;MYL5;EGF;MYL12B;RAC3;VAV1;MAP2K1;BAIAP2"
"KEGG_GLIOMA",0.405144694533762,0.650717703349282,0.120433371642259,-0.240681053361765,-1.0165609207469,61,"PIK3CD;ARAF;MAPK3;AKT1;MAP2K2;SHC2;PDGFRA;E2F1;CDK4;PRKCA;EGF;MAP2K1;GRB2;CALM3;SHC3"
"KEGG_CIRCADIAN_RHYTHM_MAMMAL",0.426929392446634,0.677198346639488,0.0770736734944102,0.384042627040172,1.01809545289398,13,"PER2;BHLHE40"
"KEGG_THYROID_CANCER",0.43217665615142,0.677532896518113,0.0743625384422526,0.312135148309468,1.01462970774904,29,"CTNNB1;RET;LEF1;PAX8"
"KEGG_B_CELL_RECEPTOR_SIGNALING_PATHWAY",0.434504792332268,0.677532896518113,0.115240003147781,-0.228007432265871,-1.00048075679499,74,"PIK3CD;MAPK3;AKT1;PTPN6;MAP2K2;CHP1;NFKBIB;NFKBIA;PIK3AP1;CHUK;LYN;RAC2;RAC3;VAV1;MAP2K1;GRB2;GSK3B;LILRB3;RELA;VAV2;SYK;PPP3R1;HRAS;PIK3R5;IKBKG"
"KEGG_TIGHT_JUNCTION",0.471042471042471,0.71042471042471,0.122679189568808,-0.21244228203324,-0.997568721772822,113,"LLGL2;RRAS;PRKCZ;AKT1;CLDN5;CLDN18;PRKCQ;EXOC3;MYL12A;CRB3;PRKCD;EPB41;MYH15;MAGI3;PALS1;F11R;TJAP1;HCLS1;MYH14;OCLN;CGN;PPP2R1A;RHOA;PRKCE;CDK4;SYMPK;PRKCA;MYL5;MYL12B;CLDN15;EPB41L3;GNAI2;PARD6B;AFDN;MYH3;ACTB;HRAS;PARD6A;SPTAN1;RAB13;AMOTL1;VAPA;CLDN11;PARD3;YES1;RRAS2;MRAS"
"KEGG_WNT_SIGNALING_PATHWAY",0.4609375,0.71042471042471,0.0617054053637522,0.229063526458143,0.992172828690713,139,"SFRP2;SFRP4;CTNNB1;MMP7;WNT10A;LEF1;WNT2B;PLCB4;FZD3;PLCB1;WNT5A;NFATC4;CSNK1A1;PRKACB;CHP2;MAPK10;CXXC4;VANGL1;FZD7;MAP3K7"
"KEGG_STARCH_AND_SUCROSE_METABOLISM",0.468085106382979,0.71042471042471,0.0988903007520636,-0.267065972943222,-0.980537930523764,30,"HK2;PYGL;HK3;GYS1;UXS1;TREH;PGM1;MGAM;GANC"
"KEGG_CYSTEINE_AND_METHIONINE_METABOLISM",0.468085106382979,0.71042471042471,0.0988903007520636,-0.266297020599253,-0.977714706989456,30,"CBS;MPST;APIP;CTH;AMD1;LDHB;SRM;AHCY;ADI1;DNMT3A;MAT2B;SMS;AHCYL2"
"KEGG_ALPHA_LINOLENIC_ACID_METABOLISM",0.47948717948718,0.717281634354805,0.0952879846194844,-0.316315907053414,-0.983481982358274,17,"PLA2G3;PLA2G1B;FADS2;PLA2G12B;PLA2G4E"
"KEGG_RETINOL_METABOLISM",0.484520123839009,0.718965345051433,0.0676760401641789,0.287863248156289,0.991346271000702,39,"UGT1A6;UGT1A1;ADH6;ADH7;CYP2A13;CYP2A6;ADH4;RDH5;DHRS9;UGT2B17;CYP2C9;ADH1C;LRAT;AWAT2"
"KEGG_MATURITY_ONSET_DIABETES_OF_THE_YOUNG",0.516722408026756,0.746753246753247,0.0683110858318647,0.373709928477664,0.96456330340758,12,"HNF4A;HES1;HNF4G;BHLHA15;FOXA3;NKX6-1"
"KEGG_TRYPTOPHAN_METABOLISM",0.514824797843666,0.746753246753247,0.0940503465727813,-0.25630703651747,-0.96185612578577,35,"ACAT2;ACAT1;GCDH;AFMID;MAOA;WARS1;INMT;ECHS1"
"KEGG_PROXIMAL_TUBULE_BICARBONATE_RECLAMATION",0.515544041450777,0.746753246753247,0.0916795246008379,-0.301756846391024,-0.957634621629244,18,"CA4;CA2;PCK2;AQP1;FXYD2"
"KEGG_ETHER_LIPID_METABOLISM",0.519480519480519,0.746753246753247,0.0665892104103933,0.291081663795246,0.948480998289497,31,"PLPP1;PLA2G2C;PLPP2;PLA2G4A;PLD1;PLD2;PLA2G2D;ENPP6;LPCAT2;PLA2G7;PLA2G12A;AGPS;PLA2G2A;JMJD7-PLA2G4B;PLPP3;PLA2G10"
"KEGG_HOMOLOGOUS_RECOMBINATION",0.533333333333333,0.749423743985677,0.0642140881844605,0.294645779890981,0.95187428850656,28,"RAD51B;BRCA2;RAD54B;TOP3A;RAD54L;RPA2;POLD3;RAD52;XRCC2;RAD51C;MRE11;EME1;BLM;RAD51"
"KEGG_PRIMARY_IMMUNODEFICIENCY",0.530254777070064,0.749423743985677,0.0646484568421928,0.286879542323538,0.950556634388746,33,"TNFRSF13C;IGLL1;CD79A;TNFRSF13B;RFX5"
"KEGG_GLYCOSAMINOGLYCAN_DEGRADATION",0.538258575197889,0.749423743985677,0.0902635484340068,-0.293833248479083,-0.940287630292145,19,"NAGLU;HYAL1;HYAL2;IDUA;HPSE"
"KEGG_ARACHIDONIC_ACID_METABOLISM",0.549848942598187,0.749423743985677,0.096887770327544,-0.228467983281875,-0.937331585413331,50,"GPX3;PLA2G3;ALOX15B;ALOX12;PLA2G1B;PLA2G12B;TBXAS1;PTGES2;CBR1;PLA2G4E;LTA4H"
"KEGG_PHENYLALANINE_METABOLISM",0.545893719806763,0.749423743985677,0.0637845390312975,0.335489152038109,0.9312987601456,15,"ALDH1A3;MAOB;ALDH3A1"
"KEGG_ASTHMA",0.5488,0.749423743985677,0.0632191170859458,0.308092707635005,0.929928934744644,21,"CCL11;HLA-DRB5;HLA-DQB1;HLA-DQA1;MS4A2;HLA-DRA;HLA-DRB1"
"KEGG_PENTOSE_AND_GLUCURONATE_INTERCONVERSIONS",0.547504025764895,0.749423743985677,0.0636424081651019,0.337301896910624,0.918479617959926,14,"UGT1A6;UGT1A1"
"KEGG_INOSITOL_PHOSPHATE_METABOLISM",0.574850299401198,0.775765680429413,0.0937465422491719,-0.22753833511625,-0.939564991321291,52,"PIK3CD;INPP5K;ALDH6A1;PLCB2;PLCB3;PIP5K1B;INPP5A;IMPA2;CDIPT;PI4KB;PLCD1;TPI1;PLCD3"
"KEGG_GLYCOSPHINGOLIPID_BIOSYNTHESIS_GLOBO_SERIES",0.577608142493639,0.775765680429413,0.0843144320642653,-0.318889725576186,-0.909465529903359,13,"FUT1;B3GALNT1;GBGT1"
"KEGG_SYSTEMIC_LUPUS_ERYTHEMATOSUS",0.6398891966759,0.843713384407391,0.0492917662312669,0.223361773087288,0.917885980815514,105,"GRIN2A;C4A;HLA-DRB5;C6;C4B;ACTN1;CD28;C7;FCGR2C;HLA-DQB1;HLA-DQA1;FCGR2B;GRIN2B;C1S;MACROH2A2;H4C16;H3-3A;HLA-DRA;HLA-DRB1;H2BC18;CTSG"
"KEGG_TYROSINE_METABOLISM",0.641955835962145,0.843713384407391,0.0551351763385257,0.262154715438221,0.887206163354634,37,"ALDH1A3;TYRP1;MAOB;ADH6;ALDH3A1;DCT;ADH7"
"KEGG_LIMONENE_AND_PINENE_DEGRADATION",0.63474025974026,0.843713384407391,0.0570059526582387,0.348378048784762,0.865929252011741,10,"ALDH7A1;ALDH1B1"
"KEGG_ERBB_SIGNALING_PATHWAY",0.66006600660066,0.847332743884468,0.0913924325943768,-0.200156831955412,-0.910817889612274,85,"MAP2K7;PIK3CD;ARAF;MAPK3;STAT5A;AKT1;MAP2K2;SHC2;EIF4EBP1;PAK4;NRG3;RPS6KB2;PRKCA;EGF;MAP2K1;GRB2;GSK3B;SHC3;STAT5B;ERBB3;PAK2"
"KEGG_HEMATOPOIETIC_CELL_LINEAGE",0.657474600870827,0.847332743884468,0.0501934252649434,0.23149103503958,0.900349684685278,74,"ITGA2;IL11;CD38;HLA-DRB5;MS4A1;ITGB3;IL5RA;CD1A;CD1C;CD1E;KIT;IL7;CR2;CD1B;CD9;IL2RA;HLA-DRA;HLA-DRB1;IL1R1;CD19;GP5;ITGA6"
"KEGG_ENDOMETRIAL_CANCER",0.650887573964497,0.847332743884468,0.0860347242455604,-0.21756232364529,-0.891611525063149,49,"PIK3CD;ARAF;MAPK3;AKT1;MAP2K2;AXIN1;PDPK1;EGF;MAP2K1;GRB2;GSK3B"
"KEGG_DORSO_VENTRAL_AXIS_FORMATION",0.663129973474801,0.847332743884468,0.0791316651768349,-0.26294989721246,-0.875206310004416,21,"NOTCH1;MAPK3;ETV7"
"KEGG_APOPTOSIS",0.694352159468439,0.869121070355052,0.088894528862045,-0.197877454603831,-0.888796980287149,82,"PIK3CD;AKT1;PRKAR1B;IRAK1;CHP1;MYD88;NFKBIA;CHUK;NGF;IL1A;TNFSF10;BCL2L1;CFLAR;CAPN1;RELA;FASLG;BAD;PPP3R1;PIK3R5;BAX;IKBKG;RIPK1;TRADD;CASP8;TRAF2;FADD;CSF2RB;IRAK2;CAPN2;IL1B;AIFM1"
"KEGG_MELANOMA",0.687409551374819,0.869121070355052,0.0480220415968251,0.231284925370692,0.871180451800888,59,"FGF14;PDGFD;HGF;IGF1;FGF1;PDGFC;FGF18;CDKN2A;PTEN"
"KEGG_GLYCEROLIPID_METABOLISM",0.689969604863222,0.869121070355052,0.0500922874402106,0.243194812488321,0.854908861302055,45,"PLPP1;ALDH7A1;DGKA;MBOAT1;DGKI;PLPP2;DGKB;LCLAT1"
"KEGG_PHOSPHATIDYLINOSITOL_SIGNALING_SYSTEM",0.703649635036496,0.874807654369698,0.0473534245254193,0.226145135524046,0.873723268516693,71,"SYNJ2;PLCB4;PLCB1;DGKA;PLCD4;ITPR1;DGKI;INPP4B;DGKB;PTEN"
"KEGG_GLYCOSPHINGOLIPID_BIOSYNTHESIS_LACTO_AND_NEOLACTO_SERIES",0.717451523545706,0.882204888195528,0.077274697304471,-0.247246678032662,-0.841455096511402,23,"FUT1;B4GAT1;FUT7"
"KEGG_MISMATCH_REPAIR",0.719188767550702,0.882204888195528,0.0493910105981501,0.267707148458843,0.82803608705124,23,"MSH3;MSH6;RPA2;POLD3;PMS2;EXO1;MLH3;MSH2;MLH1;RFC5"
"KEGG_AUTOIMMUNE_THYROID_DISEASE",0.741194486983155,0.903177388111924,0.0471642455670861,0.23578782260568,0.822915593444072,41,"HLA-DRB5;TSHR;CTLA4;CD28;HLA-DQB1;HLA-DQA1;HLA-DRA;HLA-DRB1"
"KEGG_N_GLYCAN_BIOSYNTHESIS",0.747800586510264,0.903729334871203,0.0780892306943345,-0.214863437685817,-0.860598987753564,46,"MGAT3;MGAT1;MAN2A2;RPN1;MGAT5B;DPM2;MGAT4B;ALG3;MOGS;MGAT4A"
"KEGG_VIRAL_MYOCARDITIS",0.751470588235294,0.903729334871203,0.0446854397644147,0.220348514192449,0.837181658656161,64,"MYH11;SGCD;DMD;HLA-DRB5;ABL2;EIF4G3;CD28;HLA-DQB1;SGCB;HLA-DQA1"
"KEGG_ONE_CARBON_POOL_BY_FOLATE",0.763779527559055,0.912567747213416,0.0713052987340038,-0.26645941759704,-0.796197421505706,15,"MTHFR;SHMT2;SHMT1;ALDH1L1;DHFR;ATIC"
"KEGG_DNA_REPLICATION",0.773584905660377,0.918320146074254,0.072003313661988,-0.219397775205299,-0.823344910589695,35,"POLE;RNASEH2C;POLD1;POLD2;MCM7;POLE3;POLA2;SSBP1;RPA4;FEN1;POLE4;RFC2;DNA2;MCM5;RFC1"
"KEGG_RENIN_ANGIOTENSIN_SYSTEM",0.782679738562091,0.923160717278364,0.0476387259290825,0.269553552467198,0.776807812428815,17,"ACE2;CPA3;CMA1"
"KEGG_PATHWAYS_IN_CANCER",0.803967327887981,0.930687899751991,0.0307037368093842,0.187108806263777,0.877014185837603,302,"ITGA2;SMO;CTNNB1;RET;TGFB3;CTNNA3;WNT10A;FGF14;GLI1;LEF1;MMP1;MMP2;FN1;COL4A6;TRAF5;WNT2B;ITGAV;FZD3;RARB;HGF;IGF1;HIF1A;FGF1;WNT5A;PAX8;MSH3;MSH6;GLI2;AR;FGF18;MAPK10;CDKN2A;PTEN;BMP4;FZD7;PLD1;CBLB;ITGB1;CCNA1;PGF"
"KEGG_ALLOGRAFT_REJECTION",0.824468085106383,0.930687899751991,0.0681513438679483,-0.210996397932402,-0.782838790612203,32,"CD40;HLA-DQA2;PRF1;HLA-E;HLA-F;HLA-DMA;IL12A;HLA-G;FASLG;HLA-B"
"KEGG_STEROID_HORMONE_BIOSYNTHESIS",0.821428571428571,0.930687899751991,0.0451344222209097,0.237047440869804,0.772412079918289,31,"UGT1A6;UGT1A1;SRD5A2;STS;AKR1C1;CYP7B1"
"KEGG_TYPE_I_DIABETES_MELLITUS",0.811320754716981,0.930687899751991,0.0442407423477375,0.226083515782776,0.764931498308897,36,"HLA-DRB5;CPE;CD28;PTPRN2;HLA-DQB1;HLA-DQA1;HLA-DRA;HLA-DRB1;CD86;FAS;HLA-DPA1;GAD1;HLA-DOB;HLA-C"
"KEGG_BASAL_TRANSCRIPTION_FACTORS",0.813880126182965,0.930687899751991,0.0442407423477375,0.233679170013448,0.759599901715369,29,"GTF2E2;TAF2;GTF2E1;TAF9B;GTF2I;TAF4B;GTF2B;TAF5L;GTF2H3;TBPL1;TAF1;GTF2H1;TAF13;GTF2F2"
"KEGG_TASTE_TRANSDUCTION",0.821596244131455,0.930687899751991,0.0434506826723125,0.237219440755061,0.75818085677287,26,"PDE1A;PRKACB;KCNB1;CACNA1A;TAS2R3;TAS1R3;ADCY6;GNG3;TAS2R4;GNB3;GNAS"
"KEGG_OTHER_GLYCAN_DEGRADATION",0.801932367149758,0.930687899751991,0.0458620343117985,0.272512198728375,0.7420560111578,14,"AGA;HEXA;FUCA1;GLB1;MAN2B1;GBA1;MAN2B2;NEU1;HEXB;NEU3;MANBA;FUCA2;MAN2C1;ENGASE"
"KEGG_DRUG_METABOLISM_OTHER_ENZYMES",0.832268370607029,0.933764513363984,0.0438002031299891,0.227773982503407,0.750834056216148,32,"UGT1A6;UGT1A1;DPYS;XDH;NAT1;CYP2A13;CYP2A6"
"KEGG_ANTIGEN_PROCESSING_AND_PRESENTATION",0.899053627760252,0.953605825698849,0.0723570851036907,-0.179922612533068,-0.771571208657591,65,"HSPA6;HLA-DQA2;RFXANK;PSME2;HLA-E;HLA-F;HLA-DMA;KLRD1;CALR;HLA-G;NFYB;PSME3;HSPA5;HLA-B;TAP1"
"KEGG_SMALL_CELL_LUNG_CANCER",0.873038516405136,0.953605825698849,0.0363783055518278,0.19210411465195,0.764669743283161,82,"ITGA2;FN1;COL4A6;TRAF5;ITGAV;RARB"
"KEGG_PROSTATE_CANCER",0.890489913544669,0.953605825698849,0.0359208664409425,0.191769624339718,0.764110488818579,84,"CTNNB1;CREB3L2;LEF1;PDGFD;IGF1;PDGFC;SRD5A2;AR;PTEN"
"KEGG_NUCLEOTIDE_EXCISION_REPAIR",0.898305084745763,0.953605825698849,0.0668966276500666,-0.193242172942145,-0.762117491697178,43,"RAD23A;POLE;ERCC2;POLD1;RBX1;CUL4A;POLD2"
"KEGG_BASE_EXCISION_REPAIR",0.879679144385027,0.953605825698849,0.0652353056017703,-0.200965942977938,-0.750127601061451,33,"POLE;MPG;POLD1;POLD2;POLL;NTHL1;POLE3;APEX2;OGG1;FEN1;POLE4;PARP1"
"KEGG_COLORECTAL_CANCER",0.876632801161103,0.953605825698849,0.036993251998507,0.197985694947771,0.748024672405734,60,"CTNNB1;TGFB3;LEF1;MSH3;MSH6;MAPK10"
"KEGG_ARGININE_AND_PROLINE_METABOLISM",0.871833084947839,0.953605825698849,0.0384786917635432,0.206070051900804,0.744850802312052,50,"ALDH7A1;P4HA3;OAT;AZIN2;MAOB;ALDH18A1;AGMAT;CKMT1B;ALDH1B1;AOC1;SAT1"
"KEGG_PROTEIN_EXPORT",0.887323943661972,0.953605825698849,0.0673623868166279,-0.21860052270822,-0.744592993311768,24,"SEC61B;SEC61G;SEC61A1;SRP9;HSPA5;SRP68;SPCS3;SEC62;SRP54;SRPRB;SRP19;SPCS2;SEC11A;OXA1L;SRPRA;SRP72;SEC11C;SEC61A2;IMMP2L;SPCS1;SRP14;SEC63;IMMP1L;SRP9P1"
"KEGG_ALANINE_ASPARTATE_AND_GLUTAMATE_METABOLISM",0.901587301587302,0.953605825698849,0.0398406946073899,0.21274478189153,0.687287250377084,28,"PPAT;ASPA;ADSS2;ADSS1;ASS1;GPT2;CPS1;ASNS;GAD1;ACY3"
"KEGG_BETA_ALANINE_METABOLISM",0.912144702842377,0.953605825698849,0.0618406035753285,-0.20902136668324,-0.683395531255892,20,"UPB1;DPYD;ECHS1;AOC2;MLYCD;ABAT"
"KEGG_LINOLEIC_ACID_METABOLISM",0.90795631825273,0.953605825698849,0.0387166740042594,0.218381545150663,0.675468702168628,23,"PLA2G2C;PLA2G4A;AKR1B10;ALOX15;PLA2G2D;CYP2C9;PLA2G12A;PLA2G2A;JMJD7-PLA2G4B;PLA2G10;CYP2J2"
"KEGG_NON_HOMOLOGOUS_END_JOINING",0.903010033444816,0.953605825698849,0.0421619430092452,0.251433684996808,0.64896243665883,12,"PRKDC;XRCC4;XRCC5;MRE11;LIG4"
"KEGG_RIBOFLAVIN_METABOLISM",0.927536231884058,0.964218455743879,0.0391956336118146,0.229566694752521,0.625114569540913,14,"MTMR7;ENPP3"
"KEGG_UBIQUITIN_MEDIATED_PROTEOLYSIS",0.959183673469388,0.969724153397623,0.0824344091527096,-0.164048734699691,-0.797256657979455,131,"WWP2;RHOBTB2;UBE2M;UBE2Q1;UBE2J2;NHLRC1;RBX1;MGRN1;UBE2L6;STUB1;CUL4A;PML;ELOB;CDC34;NEDD4L;ANAPC11;SYVN1;KEAP1;ANAPC2;PIAS4;PPIL2;COP1;PRPF19;SOCS1;FZR1;CDC16;UBA1;UBA7;UBE2D3;UBE2K"
"KEGG_ADHERENS_JUNCTION",0.955271565495208,0.969724153397623,0.0699458736501659,-0.169338927902473,-0.735514367732526,70,"PTPRJ;MAPK3;PTPN6;WAS;PTPRB;FYN;LMO7;NECTIN2;RHOA;PTPRM;RAC2;RAC3;BAIAP2;TGFBR2;WASF2;AFDN;ACTB;PTPN1"
"KEGG_OOCYTE_MEIOSIS",0.949860724233983,0.969724153397623,0.0312052969963336,0.174195186820538,0.713594273924162,103,"ADCY2;ADCY5;IGF1;SGO1;ITPR1;PRKACB;CHP2;AR;PGR;CCNB2;CDC25C;BTRC;YWHAE;RPS6KA6;YWHAZ;CCNE2;CCNB1;CDK1;PPP2R1B;FBXO43;MAD2L1;CDC20;ADCY6;YWHAQ;CALM2"
"KEGG_GRAFT_VERSUS_HOST_DISEASE",0.955271565495208,0.969724153397623,0.0374584205912161,0.190198184422467,0.626969211870946,32,"HLA-DRB5;CD28;HLA-DQB1;HLA-DQA1;HLA-DRA;HLA-DRB1;CD86;FAS;KLRC1;HLA-DPA1;HLA-DOB;HLA-C"
"KEGG_SPHINGOLIPID_METABOLISM",0.949286846275753,0.969724153397623,0.0373806494758473,0.186028088738231,0.62425409899645,35,"PLPP1;ACER2;PLPP2;SGPL1;B4GALT6;UGCG;DEGS2"
"KEGG_OLFACTORY_TRANSDUCTION",0.996309963099631,0.996825396825397,0.0221551238181839,0.149569550049462,0.673006248334243,205,"GNAL;GRK3;CLCA2;CLCA4;PRKACB"
"KEGG_REGULATION_OF_AUTOPHAGY",0.996825396825397,0.996825396825397,0.0351652290409302,0.129865509974278,0.419539828311966,28,"PRKAA2;GABARAPL2;PIK3R4;ATG4A;PIK3C3;ATG4C;PRKAA1"
